x_hat_1,x_hat_2,x_hat_3,x_hat_4,x_1,x_2,x_3,x_4
-0.298978,0.359658,0.663413,0.926739,0.1,0.1,1,1
0.291306,0.305913,1.00118,0.832347,0.2,0.2,1,1
0.685156,0.303822,1.39775,0.71715,0.3,0.3,1,1
0.645288,0.208804,1.06754,0.410675,0.4,0.4,1,1
0.805795,0.194234,1.17567,0.298751,0.5,0.5,1,1
1.07562,0.317721,1.47765,0.484409,0.6,0.6,1,1
0.988043,0.78872,1.03807,1.27366,0.7,0.7,1,1
0.832042,0.841599,0.589091,1.14494,0.8,0.8,1,1
0.612443,0.988197,0.14591,1.19603,0.9,0.9,1,1
0.721602,1.01578,0.284639,1.06104,1,1,1,1
0.872579,1.18701,0.450968,1.14946,1.1,1.1,1,1
0.987396,1.32358,0.539012,1.17676,1.2,1.2,1,1
1.21,1.49924,0.738277,1.24525,1.3,1.3,1,1
1.2459,1.52161,0.696135,1.13175,1.4,1.4,1,1
1.55346,1.62271,0.946185,1.11906,1.5,1.5,1,1
1.78601,1.51822,1.08404,0.902788,1.6,1.6,1,1
1.89144,1.74515,1.0812,1.03338,1.7,1.7,1,1
1.99819,1.75255,1.07994,0.945255,1.8,1.8,1,1
2.02176,1.85696,1.00504,0.95403,1.9,1.9,1,1
1.99468,1.94671,0.8952,0.949158,2,2,1,1
2.15019,2.17921,0.950579,1.06462,2.1,2.1,1,1
2.15215,2.29929,0.874114,1.07581,2.2,2.2,1,1
2.17824,2.29786,0.824626,0.987834,2.3,2.3,1,1
2.27077,2.42276,0.832635,1.00861,2.4,2.4,1,1
2.41466,2.49447,0.880335,0.985676,2.5,2.5,1,1
2.54316,2.76109,0.91191,1.11679,2.6,2.6,1,1
2.67087,2.93348,0.940231,1.16387,2.7,2.7,1,1
2.69178,3.06049,0.883766,1.17207,2.8,2.8,1,1
2.78712,3.09099,0.889129,1.10528,2.9,2.9,1,1
2.89083,3.08565,0.900511,1.01614,3,3,1,1
