3.40351, 4.8633, 
-0.55819, 0.871833, 
1.47872, 1.87576, 
0.427538, 1.18165, 
0.549839, 2.06209, 
1.56498, 2.61058, 
0.14433, 0.337529, 
0.329889, 2.2811, 
1.73561, 1.98641, 
2.89834, 1.88425, 
1.24739, 2.66111, 
2.31174, 1.62624, 
1.2204, 1.81792, 
1.75704, 2.04627, 
1.91789, 2.06157, 
2.14379, 2.33837, 
0.682484, 1.5077, 
2.89564, 3.69618, 
1.63561, 1.80128, 
0.29646, 2.12767, 
0.615516, 2.50094, 
2.29816, 1.88494, 
0.0734466, 2.75287, 
1.11097, 2.49875, 
-0.294015, 2.28793, 
1.58291, 1.0251, 
0.803531, 1.36495, 
-0.0335382, 1.46398, 
0.505516, 1.53215, 
1.22301, 2.40079, 
0.834045, 2.12344, 
0.96033, 0.937378, 
2.59863, 3.11556, 
1.65626, 1.37059, 
3.62203, 2.58538, 
1.61944, 2.00512, 
1.26287, 1.32856, 
0.604658, 2.84532, 
1.39987, 1.64629, 
0.864643, 3.38944, 
-1.22297, 0.830911, 
0.571258, 1.22618, 
-0.347554, 2.35289, 
2.10752, 3.19246, 
1.1554, 1.02377, 
0.448146, 1.15205, 
1.59272, 2.12839, 
1.48529, 2.03342, 
0.919248, 2.76315, 
1.21354, 1.67386, 
0.14683, 1.71294, 
0.0228763, -0.452158, 
1.02455, 1.63492, 
-0.67105, 0.475844, 
2.37185, 3.00063, 
2.10236, 2.08227, 
3.03865, 3.72664, 
0.618251, 1.42479, 
-0.399648, 2.26312, 
1.13639, 2.3353, 
0.279674, 2.05195, 
-0.299306, 1.03343, 
-0.0791836, 0.597745, 
-0.877288, 1.16501, 
1.26833, 1.73099, 
1.97003, 1.71368, 
1.99251, 3.18551, 
0.478253, 2.4951, 
0.0684057, 1.61038, 
0.841147, 2.60514, 
0.0230055, 1.84442, 
1.02492, 3.2186, 
0.555055, 1.48302, 
0.500128, 1.77862, 
0.584208, 1.67207, 
1.43332, 2.35944, 
0.588813, 1.99611, 
0.424518, 2.11734, 
0.371054, 2.10305, 
-0.29419, 2.39389, 
-0.499503, 1.01691, 
2.13531, 2.16728, 
-0.160973, 1.41074, 
1.74778, 2.69754, 
-1.43063, 1.10298, 
-0.04364, 0.515021, 
1.52538, 1.94024, 
-0.656801, 0.659751, 
2.16891, 2.76122, 
0.50153, 1.56549, 
2.69634, 4.03799, 
1.65237, 1.22374, 
1.24987, 1.99302, 
2.33593, 3.34235, 
0.345967, 0.0611806, 
1.44906, 2.37091, 
0.411549, 2.21701, 
1.43996, 1.50741, 
1.46704, 0.46313, 
-0.783425, 2.67388, 
